player_game_num_career,date,pts,blk,orb,drb,ast,stl,tov,fg3,fg,ft,is_playoff
59.0,2021-10-20,2.0,0.0,0.0,2.0,4.0,1.0,1.0,0.0,1.0,0.0,False
60.0,2021-10-22,15.0,1.0,0.0,3.0,6.0,3.0,2.0,0.0,7.0,1.0,False
61.0,2021-10-24,8.0,2.0,1.0,6.0,9.0,0.0,2.0,2.0,3.0,0.0,False
62.0,2021-10-27,15.0,1.0,0.0,2.0,3.0,2.0,1.0,2.0,6.0,1.0,False
63.0,2021-10-29,17.0,1.0,0.0,2.0,8.0,0.0,2.0,1.0,7.0,2.0,False
64.0,2021-10-31,14.0,2.0,3.0,3.0,4.0,0.0,1.0,1.0,5.0,3.0,False
65.0,2021-11-02,14.0,2.0,0.0,3.0,3.0,1.0,1.0,1.0,6.0,1.0,False
66.0,2021-11-03,20.0,2.0,0.0,4.0,7.0,4.0,0.0,1.0,6.0,7.0,False
67.0,2021-11-05,14.0,0.0,1.0,2.0,5.0,1.0,1.0,2.0,6.0,0.0,False
68.0,2021-11-07,17.0,0.0,2.0,1.0,1.0,3.0,3.0,3.0,7.0,0.0,False
69.0,2021-11-12,8.0,1.0,2.0,6.0,7.0,0.0,1.0,2.0,3.0,0.0,False
70.0,2021-11-15,17.0,1.0,1.0,1.0,10.0,2.0,5.0,3.0,7.0,0.0,False
71.0,2021-11-17,7.0,0.0,2.0,3.0,3.0,2.0,4.0,1.0,3.0,0.0,False
72.0,2021-11-19,8.0,1.0,1.0,3.0,0.0,3.0,1.0,2.0,3.0,0.0,False
73.0,2021-11-20,17.0,0.0,1.0,1.0,2.0,4.0,2.0,2.0,7.0,1.0,False
74.0,2021-11-22,0.0,0.0,3.0,2.0,9.0,1.0,1.0,0.0,0.0,0.0,False
75.0,2021-11-24,6.0,1.0,1.0,3.0,6.0,3.0,2.0,1.0,2.0,1.0,False
76.0,2021-11-26,19.0,0.0,1.0,5.0,9.0,5.0,3.0,5.0,7.0,0.0,False
77.0,2021-11-28,5.0,0.0,1.0,0.0,2.0,0.0,1.0,0.0,1.0,3.0,False
78.0,2021-11-30,6.0,0.0,1.0,4.0,6.0,2.0,3.0,1.0,2.0,1.0,False
79.0,2021-12-01,12.0,0.0,0.0,1.0,11.0,0.0,0.0,2.0,5.0,0.0,False
80.0,2021-12-04,18.0,1.0,2.0,4.0,5.0,2.0,5.0,4.0,7.0,0.0,False
81.0,2021-12-08,18.0,2.0,1.0,2.0,11.0,3.0,2.0,5.0,6.0,1.0,False
82.0,2021-12-10,15.0,0.0,2.0,5.0,7.0,2.0,3.0,5.0,5.0,0.0,False
83.0,2021-12-11,8.0,0.0,1.0,4.0,3.0,0.0,1.0,0.0,4.0,0.0,False
84.0,2021-12-13,3.0,2.0,0.0,2.0,4.0,1.0,1.0,1.0,1.0,0.0,False
85.0,2021-12-15,8.0,3.0,1.0,7.0,9.0,3.0,3.0,0.0,4.0,0.0,False
86.0,2021-12-17,21.0,1.0,0.0,6.0,10.0,0.0,3.0,3.0,9.0,0.0,False
87.0,2021-12-19,27.0,0.0,1.0,3.0,11.0,2.0,3.0,3.0,12.0,0.0,False
88.0,2021-12-20,24.0,0.0,0.0,4.0,11.0,3.0,5.0,2.0,8.0,6.0,False
89.0,2021-12-22,22.0,1.0,0.0,3.0,13.0,3.0,7.0,3.0,7.0,5.0,False
90.0,2021-12-26,18.0,1.0,0.0,5.0,7.0,3.0,3.0,2.0,5.0,6.0,False
91.0,2021-12-28,24.0,2.0,0.0,2.0,10.0,1.0,2.0,5.0,9.0,1.0,False
92.0,2021-12-29,12.0,0.0,0.0,2.0,10.0,0.0,2.0,1.0,4.0,3.0,False
93.0,2021-12-31,17.0,0.0,0.0,4.0,10.0,1.0,2.0,4.0,6.0,1.0,False
94.0,2022-01-02,9.0,0.0,1.0,2.0,12.0,0.0,2.0,1.0,3.0,2.0,False
95.0,2022-01-04,7.0,0.0,0.0,4.0,9.0,0.0,2.0,1.0,3.0,0.0,False
96.0,2022-01-05,24.0,0.0,1.0,4.0,2.0,3.0,1.0,5.0,8.0,3.0,False
97.0,2022-01-07,14.0,0.0,0.0,4.0,6.0,0.0,1.0,4.0,5.0,0.0,False
98.0,2022-01-09,17.0,1.0,0.0,1.0,9.0,2.0,2.0,2.0,6.0,3.0,False
99.0,2022-01-10,21.0,1.0,0.0,2.0,8.0,3.0,3.0,2.0,8.0,3.0,False
100.0,2022-01-12,14.0,1.0,0.0,3.0,10.0,2.0,3.0,2.0,5.0,2.0,False
101.0,2022-01-14,9.0,0.0,1.0,5.0,12.0,0.0,1.0,1.0,3.0,2.0,False
102.0,2022-01-22,24.0,0.0,1.0,5.0,12.0,1.0,4.0,5.0,8.0,3.0,False
103.0,2022-01-25,7.0,1.0,3.0,2.0,7.0,1.0,2.0,0.0,2.0,3.0,False
104.0,2022-01-26,11.0,1.0,0.0,3.0,7.0,2.0,4.0,1.0,5.0,0.0,False
105.0,2022-01-29,38.0,0.0,0.0,3.0,7.0,3.0,2.0,5.0,11.0,11.0,False
106.0,2022-01-31,21.0,0.0,0.0,1.0,8.0,0.0,2.0,2.0,7.0,5.0,False
107.0,2022-02-02,12.0,0.0,0.0,2.0,11.0,4.0,0.0,1.0,5.0,1.0,False
108.0,2022-02-03,10.0,0.0,1.0,5.0,6.0,2.0,3.0,2.0,3.0,2.0,False
109.0,2022-02-05,13.0,1.0,2.0,4.0,17.0,2.0,4.0,0.0,5.0,3.0,False
110.0,2022-02-11,23.0,0.0,1.0,2.0,6.0,3.0,6.0,4.0,9.0,1.0,False
111.0,2022-02-13,22.0,0.0,0.0,5.0,16.0,1.0,3.0,6.0,7.0,2.0,False
112.0,2022-02-15,17.0,0.0,0.0,4.0,8.0,4.0,1.0,3.0,6.0,2.0,False
113.0,2022-02-16,21.0,0.0,0.0,5.0,14.0,1.0,4.0,1.0,6.0,8.0,False
114.0,2022-02-25,14.0,1.0,1.0,4.0,11.0,2.0,3.0,1.0,6.0,1.0,False
115.0,2022-02-27,22.0,1.0,0.0,4.0,9.0,1.0,2.0,4.0,8.0,2.0,False
116.0,2022-02-28,23.0,0.0,0.0,6.0,7.0,2.0,6.0,3.0,7.0,6.0,False
117.0,2022-03-02,21.0,2.0,1.0,2.0,6.0,3.0,4.0,3.0,7.0,4.0,False
118.0,2022-03-04,8.0,2.0,1.0,6.0,7.0,1.0,4.0,1.0,3.0,1.0,False
119.0,2022-03-06,15.0,0.0,0.0,7.0,11.0,3.0,4.0,1.0,5.0,4.0,False
120.0,2022-03-08,25.0,1.0,0.0,5.0,9.0,2.0,4.0,4.0,9.0,3.0,False
121.0,2022-03-12,19.0,0.0,0.0,2.0,10.0,3.0,4.0,3.0,8.0,0.0,False
122.0,2022-03-13,25.0,0.0,1.0,1.0,10.0,1.0,5.0,3.0,9.0,4.0,False
123.0,2022-03-15,4.0,0.0,2.0,1.0,8.0,1.0,3.0,0.0,2.0,0.0,False
124.0,2022-03-18,10.0,1.0,2.0,1.0,7.0,2.0,3.0,1.0,4.0,1.0,False
125.0,2022-03-20,10.0,0.0,0.0,4.0,7.0,0.0,4.0,2.0,4.0,0.0,False
126.0,2022-03-23,13.0,1.0,3.0,2.0,15.0,3.0,0.0,1.0,4.0,4.0,False
127.0,2022-03-24,9.0,0.0,1.0,2.0,8.0,1.0,2.0,0.0,4.0,1.0,False
128.0,2022-03-26,7.0,0.0,2.0,3.0,12.0,0.0,1.0,1.0,2.0,2.0,False
129.0,2022-03-28,25.0,2.0,0.0,3.0,13.0,2.0,4.0,4.0,9.0,3.0,False
130.0,2022-03-30,15.0,1.0,2.0,3.0,12.0,4.0,2.0,0.0,6.0,3.0,False
131.0,2022-04-01,30.0,0.0,0.0,1.0,2.0,3.0,2.0,6.0,10.0,4.0,False
132.0,2022-04-03,19.0,2.0,1.0,8.0,17.0,0.0,0.0,0.0,6.0,7.0,False
133.0,2022-04-05,21.0,0.0,2.0,6.0,5.0,2.0,6.0,3.0,7.0,4.0,False
134.0,2022-04-09,19.0,1.0,0.0,1.0,9.0,1.0,6.0,0.0,7.0,5.0,False
135.0,2022-04-10,17.0,0.0,2.0,2.0,10.0,2.0,1.0,2.0,7.0,1.0,False
136.0,2022-10-19,26.0,0.0,2.0,2.0,7.0,0.0,3.0,3.0,10.0,3.0,False
137.0,2022-10-21,27.0,0.0,1.0,2.0,12.0,1.0,4.0,1.0,9.0,8.0,False
138.0,2022-10-22,24.0,0.0,2.0,2.0,10.0,5.0,1.0,3.0,7.0,7.0,False
139.0,2022-10-24,19.0,0.0,2.0,4.0,10.0,0.0,4.0,3.0,7.0,2.0,False
140.0,2022-10-26,17.0,1.0,0.0,4.0,11.0,1.0,6.0,2.0,6.0,3.0,False
141.0,2022-10-28,25.0,0.0,0.0,2.0,12.0,1.0,1.0,3.0,9.0,4.0,False
142.0,2022-10-29,26.0,0.0,2.0,4.0,8.0,3.0,3.0,6.0,7.0,6.0,False
143.0,2022-10-31,11.0,0.0,1.0,7.0,5.0,2.0,7.0,1.0,4.0,2.0,False
144.0,2022-11-04,22.0,0.0,0.0,9.0,9.0,2.0,1.0,3.0,9.0,1.0,False
145.0,2022-11-07,20.0,0.0,2.0,2.0,13.0,2.0,2.0,6.0,7.0,0.0,False
146.0,2022-11-09,21.0,0.0,0.0,1.0,12.0,3.0,1.0,3.0,9.0,0.0,False
147.0,2022-11-12,8.0,1.0,1.0,5.0,15.0,2.0,3.0,2.0,3.0,0.0,False
148.0,2022-11-16,22.0,0.0,0.0,2.0,11.0,3.0,3.0,3.0,9.0,1.0,False
149.0,2022-11-18,19.0,0.0,0.0,6.0,8.0,1.0,1.0,2.0,7.0,3.0,False
150.0,2022-11-19,22.0,3.0,1.0,3.0,14.0,2.0,3.0,3.0,9.0,1.0,False
151.0,2022-11-21,18.0,0.0,0.0,4.0,14.0,0.0,7.0,1.0,7.0,3.0,False
152.0,2022-11-23,10.0,0.0,1.0,1.0,14.0,1.0,3.0,2.0,4.0,0.0,False
153.0,2022-11-25,21.0,0.0,0.0,6.0,15.0,4.0,0.0,1.0,7.0,6.0,False
154.0,2022-11-27,15.0,0.0,0.0,5.0,11.0,2.0,0.0,3.0,6.0,0.0,False
155.0,2022-11-28,24.0,1.0,2.0,5.0,14.0,1.0,0.0,3.0,10.0,1.0,False
156.0,2022-11-30,9.0,0.0,0.0,4.0,10.0,2.0,2.0,1.0,4.0,0.0,False
157.0,2022-12-02,14.0,0.0,0.0,6.0,4.0,2.0,3.0,3.0,5.0,1.0,False
158.0,2022-12-07,26.0,0.0,0.0,2.0,15.0,3.0,3.0,5.0,9.0,3.0,False
159.0,2022-12-09,23.0,0.0,1.0,1.0,11.0,0.0,1.0,3.0,9.0,2.0,False
160.0,2022-12-10,35.0,1.0,0.0,1.0,9.0,3.0,5.0,7.0,12.0,4.0,False
161.0,2022-12-12,1.0,2.0,0.0,3.0,6.0,0.0,2.0,0.0,0.0,1.0,False
162.0,2022-12-14,29.0,2.0,2.0,2.0,6.0,1.0,6.0,5.0,9.0,6.0,False
163.0,2022-12-16,17.0,1.0,0.0,0.0,14.0,3.0,2.0,0.0,5.0,7.0,False
164.0,2022-12-18,15.0,0.0,0.0,1.0,10.0,0.0,2.0,2.0,5.0,3.0,False
165.0,2022-12-21,33.0,0.0,1.0,2.0,8.0,1.0,2.0,6.0,12.0,3.0,False
166.0,2022-12-23,43.0,1.0,1.0,1.0,7.0,1.0,3.0,10.0,14.0,5.0,False
167.0,2022-12-26,12.0,1.0,0.0,1.0,6.0,2.0,3.0,1.0,4.0,3.0,False
168.0,2022-12-27,23.0,0.0,1.0,2.0,7.0,1.0,1.0,3.0,9.0,2.0,False
169.0,2022-12-29,29.0,0.0,0.0,2.0,9.0,2.0,1.0,6.0,10.0,3.0,False
170.0,2022-12-31,24.0,1.0,1.0,6.0,10.0,4.0,0.0,2.0,8.0,6.0,False
171.0,2023-01-02,16.0,0.0,0.0,6.0,8.0,2.0,7.0,2.0,7.0,0.0,False
172.0,2023-01-04,16.0,1.0,3.0,4.0,12.0,2.0,2.0,2.0,7.0,0.0,False
173.0,2023-01-06,15.0,0.0,0.0,4.0,12.0,1.0,2.0,3.0,5.0,2.0,False
174.0,2023-01-08,16.0,0.0,0.0,5.0,13.0,3.0,1.0,2.0,4.0,6.0,False
175.0,2023-01-11,15.0,0.0,0.0,3.0,7.0,1.0,4.0,1.0,6.0,2.0,False
176.0,2023-02-02,26.0,0.0,0.0,2.0,12.0,2.0,4.0,4.0,11.0,0.0,False
177.0,2023-02-03,10.0,0.0,0.0,4.0,9.0,3.0,1.0,2.0,4.0,0.0,False
178.0,2023-02-05,15.0,0.0,2.0,2.0,11.0,0.0,3.0,1.0,5.0,4.0,False
179.0,2023-02-08,11.0,1.0,0.0,2.0,10.0,1.0,4.0,2.0,3.0,3.0,False
180.0,2023-02-10,18.0,0.0,0.0,1.0,5.0,3.0,4.0,2.0,7.0,2.0,False
181.0,2023-02-11,21.0,0.0,3.0,3.0,7.0,2.0,2.0,5.0,8.0,0.0,False
182.0,2023-02-13,30.0,1.0,0.0,1.0,12.0,3.0,1.0,3.0,12.0,3.0,False
183.0,2023-02-15,16.0,1.0,0.0,2.0,8.0,0.0,2.0,1.0,5.0,5.0,False
184.0,2023-02-23,22.0,2.0,0.0,1.0,14.0,3.0,1.0,3.0,7.0,5.0,False
185.0,2023-02-25,15.0,1.0,0.0,1.0,14.0,0.0,2.0,2.0,5.0,3.0,False
186.0,2023-02-28,32.0,1.0,0.0,7.0,6.0,0.0,0.0,2.0,9.0,12.0,False
187.0,2023-03-05,29.0,1.0,0.0,3.0,11.0,1.0,3.0,6.0,11.0,1.0,False
188.0,2023-03-06,39.0,0.0,0.0,3.0,16.0,1.0,2.0,5.0,12.0,10.0,False
189.0,2023-03-09,29.0,0.0,0.0,2.0,19.0,0.0,1.0,2.0,9.0,9.0,False
190.0,2023-03-24,20.0,0.0,0.0,6.0,9.0,1.0,5.0,1.0,7.0,5.0,False
191.0,2023-03-25,19.0,1.0,1.0,0.0,13.0,1.0,1.0,2.0,7.0,3.0,False
192.0,2023-10-25,20.0,2.0,0.0,3.0,11.0,1.0,3.0,2.0,9.0,0.0,False
193.0,2023-10-28,21.0,0.0,1.0,7.0,13.0,0.0,1.0,4.0,7.0,3.0,False
194.0,2023-10-30,19.0,0.0,1.0,4.0,13.0,2.0,4.0,1.0,6.0,6.0,False
195.0,2023-11-03,18.0,0.0,0.0,2.0,13.0,2.0,4.0,0.0,5.0,8.0,False
196.0,2023-11-04,43.0,1.0,0.0,2.0,12.0,0.0,3.0,8.0,14.0,7.0,False
197.0,2023-11-06,23.0,1.0,0.0,2.0,8.0,1.0,2.0,3.0,9.0,2.0,False
198.0,2023-11-08,16.0,0.0,1.0,5.0,13.0,1.0,2.0,1.0,6.0,3.0,False
199.0,2023-11-09,29.0,1.0,1.0,5.0,10.0,0.0,2.0,5.0,10.0,4.0,False
200.0,2023-11-12,25.0,1.0,0.0,1.0,17.0,2.0,0.0,3.0,9.0,4.0,False
201.0,2023-11-14,33.0,1.0,1.0,6.0,15.0,2.0,0.0,7.0,11.0,4.0,False
202.0,2023-11-19,12.0,1.0,0.0,2.0,3.0,0.0,4.0,1.0,4.0,3.0,False
203.0,2023-11-21,37.0,1.0,1.0,4.0,16.0,3.0,6.0,9.0,11.0,6.0,False
204.0,2023-11-22,33.0,1.0,1.0,2.0,16.0,0.0,3.0,5.0,12.0,4.0,False
205.0,2023-11-24,26.0,0.0,0.0,2.0,10.0,0.0,1.0,5.0,9.0,3.0,False
206.0,2023-11-27,33.0,0.0,0.0,2.0,9.0,0.0,3.0,3.0,11.0,8.0,False
207.0,2023-11-30,44.0,1.0,0.0,2.0,10.0,3.0,2.0,6.0,15.0,8.0,False
208.0,2023-12-04,26.0,0.0,3.0,7.0,13.0,1.0,0.0,5.0,10.0,1.0,False
209.0,2023-12-07,27.0,1.0,3.0,4.0,15.0,0.0,0.0,3.0,11.0,2.0,False
210.0,2023-12-11,14.0,2.0,0.0,5.0,16.0,1.0,7.0,3.0,5.0,1.0,False
211.0,2023-12-13,22.0,0.0,1.0,4.0,7.0,0.0,3.0,1.0,8.0,5.0,False
212.0,2023-12-15,19.0,0.0,1.0,1.0,11.0,0.0,4.0,2.0,7.0,3.0,False
213.0,2023-12-18,8.0,0.0,0.0,2.0,11.0,0.0,4.0,1.0,3.0,1.0,False
214.0,2023-12-20,19.0,1.0,1.0,2.0,13.0,1.0,4.0,3.0,6.0,4.0,False
215.0,2023-12-21,17.0,0.0,0.0,4.0,14.0,0.0,4.0,2.0,7.0,1.0,False
216.0,2023-12-23,29.0,0.0,0.0,2.0,15.0,3.0,3.0,3.0,12.0,2.0,False
217.0,2023-12-26,33.0,0.0,1.0,5.0,10.0,1.0,3.0,7.0,13.0,0.0,False
218.0,2023-12-28,21.0,1.0,0.0,3.0,20.0,2.0,0.0,6.0,7.0,1.0,False
219.0,2023-12-30,22.0,1.0,1.0,4.0,23.0,2.0,2.0,2.0,8.0,4.0,False
220.0,2024-01-01,26.0,1.0,1.0,8.0,11.0,1.0,2.0,1.0,11.0,3.0,False
221.0,2024-01-03,31.0,3.0,0.0,2.0,12.0,1.0,0.0,5.0,10.0,6.0,False
222.0,2024-01-05,10.0,1.0,1.0,7.0,18.0,2.0,2.0,2.0,4.0,0.0,False
223.0,2024-01-06,17.0,0.0,1.0,5.0,7.0,5.0,4.0,2.0,5.0,5.0,False
224.0,2024-01-08,7.0,0.0,0.0,2.0,6.0,0.0,2.0,1.0,3.0,0.0,False
225.0,2024-01-19,21.0,0.0,0.0,2.0,17.0,0.0,0.0,2.0,6.0,7.0,False
226.0,2024-01-30,13.0,0.0,3.0,0.0,10.0,1.0,1.0,1.0,5.0,2.0,False
227.0,2024-02-01,15.0,2.0,0.0,4.0,5.0,0.0,1.0,2.0,6.0,1.0,False
228.0,2024-02-02,14.0,0.0,1.0,2.0,1.0,1.0,5.0,1.0,6.0,1.0,False
229.0,2024-02-04,17.0,2.0,0.0,1.0,4.0,1.0,1.0,3.0,6.0,2.0,False
230.0,2024-02-06,18.0,2.0,0.0,2.0,7.0,1.0,2.0,2.0,8.0,0.0,False
231.0,2024-02-08,5.0,1.0,0.0,1.0,11.0,1.0,3.0,1.0,2.0,0.0,False
232.0,2024-02-10,22.0,1.0,0.0,3.0,12.0,0.0,1.0,4.0,7.0,4.0,False
233.0,2024-02-12,13.0,0.0,1.0,5.0,12.0,0.0,3.0,3.0,5.0,0.0,False
234.0,2024-02-14,21.0,0.0,0.0,4.0,12.0,2.0,1.0,5.0,6.0,4.0,False
235.0,2024-02-22,25.0,0.0,0.0,2.0,13.0,2.0,5.0,4.0,10.0,1.0,False
236.0,2024-02-25,17.0,0.0,0.0,3.0,10.0,4.0,1.0,1.0,8.0,0.0,False
237.0,2024-02-26,9.0,0.0,0.0,0.0,7.0,2.0,1.0,1.0,2.0,4.0,False
238.0,2024-02-28,17.0,1.0,0.0,3.0,13.0,1.0,1.0,3.0,7.0,0.0,False
239.0,2024-03-01,0.0,0.0,0.0,3.0,3.0,0.0,1.0,0.0,0.0,0.0,False
240.0,2024-03-03,12.0,1.0,3.0,3.0,8.0,0.0,1.0,0.0,4.0,4.0,False
241.0,2024-03-05,19.0,1.0,1.0,5.0,11.0,0.0,2.0,3.0,8.0,0.0,False
242.0,2024-03-07,23.0,0.0,0.0,3.0,13.0,1.0,5.0,2.0,9.0,3.0,False
243.0,2024-03-10,20.0,0.0,0.0,7.0,8.0,0.0,4.0,1.0,6.0,7.0,False
244.0,2024-03-12,18.0,2.0,0.0,4.0,12.0,2.0,4.0,2.0,8.0,0.0,False
245.0,2024-03-13,17.0,1.0,0.0,3.0,14.0,0.0,2.0,1.0,6.0,4.0,False
246.0,2024-03-16,14.0,1.0,0.0,7.0,4.0,2.0,2.0,1.0,6.0,1.0,False
247.0,2024-03-18,14.0,1.0,1.0,5.0,12.0,1.0,3.0,1.0,4.0,5.0,False
248.0,2024-03-20,20.0,0.0,0.0,3.0,9.0,4.0,2.0,1.0,9.0,1.0,False
249.0,2024-03-22,26.0,3.0,0.0,2.0,11.0,4.0,1.0,4.0,9.0,4.0,False
250.0,2024-03-24,12.0,0.0,1.0,5.0,10.0,2.0,1.0,2.0,5.0,0.0,False
251.0,2024-03-25,21.0,0.0,0.0,1.0,9.0,2.0,3.0,6.0,7.0,1.0,False
252.0,2024-03-27,13.0,0.0,2.0,2.0,5.0,0.0,2.0,3.0,4.0,2.0,False
253.0,2024-03-29,21.0,0.0,0.0,8.0,8.0,2.0,2.0,3.0,7.0,4.0,False
254.0,2024-04-01,27.0,1.0,0.0,4.0,13.0,1.0,0.0,4.0,9.0,5.0,False
255.0,2024-04-03,24.0,2.0,1.0,2.0,8.0,2.0,0.0,5.0,9.0,1.0,False
256.0,2024-04-05,8.0,0.0,0.0,2.0,11.0,1.0,2.0,2.0,3.0,0.0,False
257.0,2024-04-07,12.0,2.0,0.0,4.0,8.0,0.0,3.0,2.0,3.0,4.0,False
258.0,2024-04-09,30.0,1.0,0.0,5.0,5.0,2.0,2.0,3.0,10.0,7.0,False
259.0,2024-04-12,19.0,0.0,0.0,6.0,12.0,1.0,5.0,4.0,7.0,1.0,False
260.0,2024-04-14,12.0,1.0,0.0,2.0,13.0,3.0,2.0,0.0,5.0,2.0,False
1.0,2024-04-21,9.0,1.0,1.0,6.0,8.0,1.0,3.0,1.0,4.0,0.0,True
2.0,2024-04-23,12.0,1.0,1.0,3.0,12.0,1.0,2.0,3.0,4.0,1.0,True
3.0,2024-04-26,18.0,1.0,5.0,5.0,16.0,0.0,4.0,1.0,8.0,1.0,True
4.0,2024-04-28,24.0,0.0,0.0,4.0,4.0,1.0,3.0,5.0,8.0,3.0,True
5.0,2024-04-30,16.0,0.0,1.0,3.0,6.0,0.0,2.0,4.0,6.0,0.0,True
6.0,2024-05-02,17.0,0.0,1.0,5.0,10.0,0.0,2.0,2.0,7.0,1.0,True
7.0,2024-05-06,6.0,0.0,0.0,2.0,8.0,4.0,3.0,2.0,2.0,0.0,True
8.0,2024-05-08,34.0,0.0,2.0,4.0,9.0,3.0,2.0,7.0,11.0,5.0,True
9.0,2024-05-10,35.0,1.0,0.0,4.0,7.0,2.0,2.0,6.0,14.0,1.0,True
10.0,2024-05-12,20.0,0.0,0.0,6.0,5.0,0.0,0.0,4.0,8.0,0.0,True
11.0,2024-05-14,13.0,2.0,0.0,2.0,5.0,2.0,2.0,1.0,5.0,2.0,True
12.0,2024-05-17,15.0,2.0,0.0,6.0,9.0,0.0,1.0,3.0,6.0,0.0,True
13.0,2024-05-19,26.0,1.0,1.0,3.0,6.0,1.0,2.0,6.0,10.0,0.0,True
14.0,2024-05-21,25.0,1.0,0.0,3.0,10.0,3.0,3.0,6.0,8.0,3.0,True
15.0,2024-05-23,10.0,0.0,0.0,4.0,8.0,1.0,0.0,2.0,4.0,0.0,True
261.0,2024-10-23,15.0,2.0,1.0,4.0,4.0,3.0,3.0,1.0,6.0,2.0,False
262.0,2024-10-25,0.0,0.0,0.0,1.0,5.0,1.0,1.0,0.0,0.0,0.0,False
263.0,2024-10-27,22.0,1.0,1.0,3.0,2.0,0.0,3.0,4.0,8.0,2.0,False
264.0,2024-10-28,19.0,0.0,3.0,6.0,10.0,1.0,1.0,4.0,6.0,3.0,False
265.0,2024-10-30,17.0,0.0,0.0,6.0,12.0,2.0,1.0,2.0,7.0,1.0,False
266.0,2024-11-01,11.0,0.0,1.0,1.0,11.0,0.0,2.0,1.0,2.0,6.0,False
267.0,2024-11-04,25.0,1.0,0.0,4.0,12.0,2.0,2.0,2.0,10.0,3.0,False
268.0,2024-11-06,17.0,0.0,0.0,3.0,4.0,1.0,1.0,3.0,6.0,2.0,False
269.0,2024-11-08,6.0,1.0,1.0,6.0,9.0,1.0,2.0,0.0,2.0,2.0,False
270.0,2024-11-10,35.0,0.0,0.0,2.0,14.0,2.0,2.0,4.0,11.0,9.0,False
271.0,2024-11-13,9.0,0.0,0.0,1.0,11.0,0.0,4.0,2.0,3.0,1.0,False
272.0,2024-11-15,18.0,0.0,1.0,1.0,8.0,1.0,1.0,4.0,7.0,0.0,False
273.0,2024-11-17,16.0,2.0,1.0,2.0,13.0,0.0,0.0,3.0,4.0,5.0,False
274.0,2024-11-18,16.0,2.0,2.0,1.0,4.0,5.0,1.0,2.0,5.0,4.0,False
275.0,2024-11-20,4.0,1.0,0.0,1.0,8.0,0.0,2.0,1.0,1.0,1.0,False
276.0,2024-11-22,18.0,0.0,0.0,1.0,9.0,0.0,1.0,4.0,6.0,2.0,False
277.0,2024-11-24,21.0,0.0,3.0,1.0,9.0,2.0,3.0,5.0,7.0,2.0,False
278.0,2024-11-25,34.0,0.0,0.0,3.0,13.0,3.0,2.0,9.0,12.0,1.0,False
279.0,2024-11-27,28.0,0.0,2.0,5.0,10.0,2.0,3.0,5.0,8.0,7.0,False
280.0,2024-11-29,19.0,0.0,0.0,1.0,5.0,0.0,2.0,3.0,8.0,0.0,False
281.0,2024-12-01,8.0,0.0,1.0,1.0,7.0,1.0,2.0,2.0,3.0,0.0,False
282.0,2024-12-03,30.0,0.0,1.0,3.0,6.0,1.0,3.0,4.0,10.0,6.0,False
283.0,2024-12-04,17.0,2.0,0.0,3.0,8.0,2.0,3.0,1.0,5.0,6.0,False
284.0,2024-12-06,23.0,0.0,0.0,4.0,8.0,2.0,2.0,5.0,9.0,0.0,False
285.0,2024-12-08,9.0,3.0,0.0,2.0,8.0,0.0,2.0,0.0,4.0,1.0,False
286.0,2024-12-13,32.0,1.0,1.0,2.0,11.0,1.0,2.0,7.0,12.0,1.0,False
287.0,2024-12-15,21.0,1.0,0.0,4.0,10.0,3.0,4.0,4.0,6.0,5.0,False
288.0,2024-12-19,13.0,1.0,1.0,3.0,12.0,0.0,2.0,4.0,4.0,1.0,False
289.0,2024-12-22,14.0,0.0,1.0,4.0,8.0,0.0,1.0,4.0,5.0,0.0,False
290.0,2024-12-23,16.0,0.0,0.0,6.0,12.0,2.0,1.0,2.0,6.0,2.0,False
291.0,2024-12-26,4.0,0.0,1.0,1.0,8.0,0.0,1.0,0.0,2.0,0.0,False
292.0,2024-12-27,19.0,0.0,0.0,4.0,9.0,0.0,2.0,3.0,6.0,4.0,False
293.0,2024-12-29,31.0,0.0,0.0,6.0,7.0,1.0,0.0,1.0,11.0,8.0,False
294.0,2024-12-31,12.0,2.0,2.0,5.0,7.0,1.0,1.0,1.0,3.0,5.0,False
295.0,2025-01-02,33.0,1.0,1.0,4.0,15.0,2.0,0.0,6.0,13.0,1.0,False
296.0,2025-01-04,27.0,1.0,1.0,4.0,8.0,2.0,0.0,5.0,8.0,6.0,False
297.0,2025-01-06,23.0,1.0,0.0,2.0,8.0,1.0,3.0,4.0,5.0,9.0,False
298.0,2025-01-08,16.0,0.0,0.0,3.0,13.0,2.0,1.0,2.0,7.0,0.0,False
299.0,2025-01-10,25.0,0.0,0.0,2.0,10.0,3.0,5.0,2.0,8.0,7.0,False
300.0,2025-01-12,2.0,1.0,0.0,1.0,5.0,1.0,1.0,0.0,1.0,0.0,False
301.0,2025-01-16,17.0,1.0,0.0,4.0,8.0,1.0,0.0,2.0,7.0,1.0,False
302.0,2025-01-18,9.0,0.0,1.0,4.0,9.0,0.0,5.0,1.0,4.0,0.0,False
303.0,2025-01-23,13.0,0.0,0.0,2.0,7.0,0.0,0.0,3.0,5.0,0.0,False
304.0,2025-01-25,28.0,2.0,1.0,2.0,4.0,2.0,1.0,6.0,11.0,0.0,False
305.0,2025-01-29,30.0,0.0,1.0,6.0,8.0,1.0,1.0,4.0,10.0,6.0,False
306.0,2025-02-01,17.0,1.0,0.0,4.0,9.0,2.0,1.0,3.0,5.0,4.0,False
307.0,2025-02-03,18.0,2.0,1.0,2.0,6.0,3.0,3.0,3.0,6.0,3.0,False
308.0,2025-02-04,0.0,2.0,0.0,2.0,6.0,1.0,2.0,0.0,0.0,0.0,False
309.0,2025-02-06,14.0,1.0,0.0,3.0,8.0,4.0,1.0,2.0,5.0,2.0,False
310.0,2025-02-08,19.0,1.0,0.0,2.0,9.0,2.0,1.0,4.0,7.0,1.0,False
311.0,2025-02-11,16.0,0.0,1.0,4.0,8.0,0.0,4.0,2.0,7.0,0.0,False
312.0,2025-02-12,20.0,0.0,0.0,2.0,7.0,1.0,2.0,4.0,8.0,0.0,False
313.0,2025-02-20,22.0,1.0,1.0,4.0,9.0,1.0,1.0,4.0,9.0,0.0,False
314.0,2025-02-23,29.0,0.0,0.0,1.0,12.0,3.0,1.0,4.0,9.0,7.0,False
315.0,2025-02-24,19.0,0.0,0.0,1.0,15.0,3.0,1.0,5.0,6.0,2.0,False
316.0,2025-02-26,33.0,2.0,0.0,3.0,11.0,3.0,1.0,7.0,12.0,2.0,False
317.0,2025-02-28,19.0,0.0,0.0,2.0,10.0,4.0,1.0,3.0,8.0,0.0,False
318.0,2025-03-02,17.0,0.0,1.0,4.0,12.0,3.0,1.0,2.0,7.0,1.0,False
319.0,2025-03-04,28.0,0.0,0.0,3.0,15.0,1.0,2.0,5.0,9.0,5.0,False
320.0,2025-03-11,14.0,0.0,1.0,2.0,10.0,2.0,1.0,2.0,5.0,2.0,False
321.0,2025-03-14,14.0,0.0,2.0,3.0,10.0,1.0,1.0,2.0,5.0,2.0,False
322.0,2025-03-15,24.0,0.0,0.0,6.0,15.0,5.0,0.0,2.0,9.0,4.0,False
323.0,2025-03-22,16.0,0.0,1.0,7.0,12.0,1.0,2.0,1.0,5.0,5.0,False
324.0,2025-03-24,24.0,1.0,0.0,4.0,11.0,1.0,1.0,3.0,9.0,3.0,False
325.0,2025-03-26,16.0,1.0,0.0,0.0,18.0,2.0,1.0,1.0,7.0,1.0,False
326.0,2025-03-27,29.0,1.0,0.0,2.0,6.0,1.0,1.0,7.0,9.0,4.0,False
327.0,2025-03-29,18.0,0.0,1.0,3.0,3.0,2.0,0.0,4.0,6.0,2.0,False
328.0,2025-03-31,18.0,0.0,1.0,1.0,11.0,0.0,5.0,2.0,7.0,2.0,False
329.0,2025-04-02,22.0,2.0,0.0,1.0,10.0,2.0,0.0,4.0,9.0,0.0,False
330.0,2025-04-04,17.0,3.0,2.0,4.0,11.0,0.0,0.0,2.0,7.0,1.0,False
331.0,2025-04-06,9.0,1.0,0.0,3.0,14.0,1.0,3.0,1.0,3.0,2.0,False
332.0,2025-04-08,22.0,0.0,0.0,1.0,6.0,1.0,1.0,3.0,5.0,9.0,False
333.0,2025-04-10,23.0,3.0,1.0,7.0,10.0,0.0,2.0,4.0,8.0,3.0,False
16.0,2025-04-19,10.0,0.0,0.0,7.0,12.0,0.0,1.0,0.0,3.0,4.0,True
17.0,2025-04-22,21.0,0.0,1.0,4.0,12.0,0.0,3.0,3.0,8.0,2.0,True
18.0,2025-04-25,14.0,1.0,1.0,6.0,10.0,0.0,1.0,4.0,5.0,0.0,True
19.0,2025-04-27,17.0,0.0,0.0,8.0,15.0,1.0,5.0,2.0,6.0,3.0,True
20.0,2025-04-29,26.0,3.0,0.0,5.0,9.0,3.0,1.0,2.0,10.0,4.0,True
21.0,2025-05-04,22.0,3.0,0.0,3.0,13.0,1.0,1.0,2.0,9.0,2.0,True
22.0,2025-05-06,19.0,1.0,1.0,8.0,4.0,0.0,0.0,2.0,7.0,3.0,True
23.0,2025-05-09,4.0,0.0,0.0,0.0,5.0,1.0,3.0,0.0,2.0,0.0,True
24.0,2025-05-11,11.0,0.0,0.0,5.0,5.0,0.0,2.0,1.0,3.0,4.0,True
25.0,2025-05-13,31.0,1.0,0.0,6.0,8.0,1.0,4.0,6.0,10.0,5.0,True
26.0,2025-05-21,31.0,0.0,0.0,4.0,11.0,1.0,2.0,4.0,12.0,3.0,True
27.0,2025-05-23,14.0,0.0,2.0,6.0,11.0,2.0,1.0,3.0,5.0,1.0,True
28.0,2025-05-25,20.0,0.0,0.0,4.0,7.0,3.0,3.0,2.0,7.0,4.0,True
