player_game_num_career,date,pts,blk,ast,stl,tov,fg3,fg,ft,is_playoff,reb
47.0,2021-10-20,0.0,0.0,1.0,0.0,0.0,0.0,0.0,0.0,1.0,2.0
48.0,2021-10-22,0.0,0.0,1.0,0.0,0.0,0.0,0.0,0.0,1.0,0.0
49.0,2021-10-24,0.0,0.0,1.0,1.0,1.0,0.0,0.0,0.0,1.0,2.0
50.0,2021-11-01,0.0,0.0,0.0,0.0,0.0,0.0,0.0,0.0,1.0,0.0
51.0,2021-11-03,3.0,0.0,0.0,0.0,0.0,1.0,1.0,0.0,1.0,0.0
52.0,2021-11-04,13.0,0.0,1.0,0.0,0.0,3.0,5.0,0.0,1.0,3.0
53.0,2021-11-06,0.0,0.0,0.0,2.0,2.0,0.0,0.0,0.0,1.0,3.0
54.0,2021-11-10,0.0,0.0,0.0,0.0,0.0,0.0,0.0,0.0,1.0,1.0
55.0,2021-11-12,3.0,0.0,0.0,0.0,0.0,1.0,1.0,0.0,1.0,2.0
56.0,2021-11-13,4.0,0.0,0.0,0.0,0.0,0.0,2.0,0.0,1.0,3.0
57.0,2021-11-15,4.0,0.0,1.0,0.0,1.0,0.0,1.0,2.0,1.0,3.0
58.0,2021-11-17,0.0,0.0,0.0,0.0,0.0,0.0,0.0,0.0,1.0,4.0
59.0,2021-11-19,0.0,0.0,0.0,0.0,0.0,0.0,0.0,0.0,1.0,1.0
60.0,2021-11-20,0.0,0.0,0.0,0.0,2.0,0.0,0.0,0.0,1.0,0.0
61.0,2021-11-22,5.0,0.0,0.0,0.0,2.0,1.0,2.0,0.0,1.0,0.0
62.0,2021-11-24,5.0,0.0,0.0,0.0,0.0,1.0,2.0,0.0,1.0,0.0
63.0,2021-11-26,5.0,0.0,0.0,1.0,0.0,1.0,2.0,0.0,1.0,1.0
64.0,2021-12-03,0.0,0.0,0.0,0.0,0.0,0.0,0.0,0.0,1.0,2.0
65.0,2021-12-04,11.0,0.0,3.0,1.0,0.0,3.0,3.0,2.0,1.0,3.0
66.0,2021-12-07,9.0,0.0,0.0,0.0,0.0,1.0,4.0,0.0,1.0,0.0
67.0,2021-12-08,2.0,0.0,0.0,0.0,1.0,0.0,1.0,0.0,1.0,0.0
68.0,2021-12-10,2.0,1.0,0.0,2.0,3.0,0.0,1.0,0.0,1.0,4.0
69.0,2021-12-13,0.0,0.0,1.0,0.0,0.0,0.0,0.0,0.0,1.0,0.0
70.0,2021-12-17,11.0,0.0,0.0,1.0,1.0,2.0,3.0,3.0,1.0,1.0
71.0,2021-12-18,0.0,0.0,1.0,0.0,0.0,0.0,0.0,0.0,1.0,7.0
72.0,2021-12-20,4.0,0.0,0.0,0.0,2.0,0.0,2.0,0.0,1.0,3.0
73.0,2021-12-22,5.0,0.0,0.0,0.0,2.0,1.0,2.0,0.0,1.0,0.0
74.0,2022-01-08,0.0,0.0,0.0,0.0,0.0,0.0,0.0,0.0,1.0,2.0
75.0,2022-01-12,0.0,0.0,0.0,0.0,0.0,0.0,0.0,0.0,1.0,0.0
76.0,2022-01-14,10.0,1.0,1.0,2.0,0.0,1.0,4.0,1.0,1.0,1.0
77.0,2022-01-17,5.0,0.0,0.0,0.0,2.0,0.0,2.0,1.0,1.0,6.0
78.0,2022-01-23,1.0,0.0,0.0,0.0,0.0,0.0,0.0,1.0,1.0,2.0
79.0,2022-01-25,10.0,0.0,0.0,0.0,0.0,1.0,4.0,1.0,1.0,4.0
80.0,2022-01-28,2.0,0.0,1.0,0.0,0.0,0.0,1.0,0.0,1.0,0.0
81.0,2022-01-29,0.0,0.0,0.0,0.0,1.0,0.0,0.0,0.0,1.0,0.0
82.0,2022-01-31,4.0,0.0,0.0,2.0,0.0,0.0,1.0,2.0,1.0,0.0
83.0,2022-02-04,0.0,0.0,0.0,0.0,1.0,0.0,0.0,0.0,1.0,2.0
84.0,2022-02-06,0.0,0.0,0.0,0.0,0.0,0.0,0.0,0.0,1.0,0.0
85.0,2022-02-08,4.0,0.0,0.0,0.0,0.0,0.0,2.0,0.0,1.0,2.0
86.0,2022-02-15,18.0,2.0,0.0,0.0,3.0,3.0,6.0,3.0,1.0,3.0
87.0,2022-02-16,5.0,0.0,1.0,0.0,0.0,1.0,2.0,0.0,1.0,3.0
88.0,2022-02-24,6.0,0.0,2.0,0.0,1.0,2.0,2.0,0.0,1.0,0.0
89.0,2022-02-27,0.0,0.0,1.0,0.0,1.0,0.0,0.0,0.0,1.0,1.0
90.0,2022-03-01,0.0,0.0,1.0,1.0,0.0,0.0,0.0,0.0,1.0,6.0
91.0,2022-03-03,0.0,0.0,1.0,1.0,0.0,0.0,0.0,0.0,1.0,0.0
92.0,2022-03-23,2.0,0.0,0.0,0.0,0.0,0.0,1.0,0.0,1.0,0.0
93.0,2022-03-27,6.0,1.0,1.0,1.0,0.0,0.0,2.0,2.0,1.0,4.0
94.0,2022-03-28,13.0,0.0,1.0,3.0,0.0,2.0,5.0,1.0,1.0,4.0
95.0,2022-04-03,11.0,0.0,2.0,1.0,0.0,3.0,4.0,0.0,1.0,0.0
96.0,2022-04-06,8.0,0.0,0.0,0.0,2.0,2.0,3.0,0.0,1.0,1.0
97.0,2022-04-07,0.0,0.0,0.0,1.0,2.0,0.0,0.0,0.0,1.0,0.0
98.0,2022-04-10,5.0,0.0,0.0,0.0,1.0,1.0,1.0,2.0,1.0,3.0
6.0,2022-05-01,0.0,0.0,1.0,0.0,0.0,0.0,0.0,0.0,1.3,1.0
7.0,2022-05-03,0.0,0.0,0.0,0.0,0.0,0.0,0.0,0.0,1.3,1.0
8.0,2022-05-13,0.0,0.0,0.0,0.0,0.0,0.0,0.0,0.0,1.3,1.0
9.0,2022-05-15,3.0,0.0,0.0,0.0,0.0,1.0,1.0,0.0,1.3,1.0
10.0,2022-05-17,0.0,3.0,0.0,1.0,1.0,0.0,0.0,0.0,1.3,1.0
11.0,2022-05-19,0.0,0.0,0.0,0.0,0.0,0.0,0.0,0.0,1.3,1.0
12.0,2022-05-21,0.0,0.0,0.0,0.0,0.0,0.0,0.0,0.0,1.3,0.0
13.0,2022-05-23,2.0,1.0,0.0,0.0,0.0,0.0,1.0,0.0,1.3,5.0
14.0,2022-05-25,0.0,0.0,0.0,0.0,0.0,0.0,0.0,0.0,1.3,0.0
15.0,2022-05-27,0.0,0.0,0.0,0.0,0.0,0.0,0.0,0.0,1.3,0.0
16.0,2022-06-02,0.0,0.0,0.0,0.0,0.0,0.0,0.0,0.0,1.3,0.0
17.0,2022-06-05,4.0,0.0,2.0,1.0,0.0,0.0,2.0,0.0,1.3,2.0
18.0,2022-06-08,0.0,0.0,0.0,0.0,0.0,0.0,0.0,0.0,1.3,1.0
19.0,2022-06-13,3.0,0.0,0.0,0.0,0.0,0.0,0.0,3.0,1.3,1.0
20.0,2022-06-16,0.0,0.0,0.0,0.0,0.0,0.0,0.0,0.0,1.3,0.0
99.0,2022-10-19,3.0,0.0,1.0,0.0,0.0,1.0,1.0,0.0,1.0,4.0
100.0,2022-10-21,9.0,1.0,2.0,0.0,1.0,1.0,4.0,0.0,1.0,4.0
101.0,2022-10-22,7.0,3.0,0.0,0.0,1.0,1.0,2.0,2.0,1.0,1.0
102.0,2022-10-24,9.0,0.0,1.0,0.0,1.0,1.0,4.0,0.0,1.0,2.0
103.0,2022-10-26,9.0,1.0,2.0,0.0,2.0,1.0,4.0,0.0,1.0,3.0
104.0,2022-10-28,15.0,0.0,3.0,1.0,1.0,2.0,4.0,5.0,1.0,7.0
105.0,2022-11-09,0.0,1.0,3.0,1.0,2.0,0.0,0.0,0.0,1.0,3.0
106.0,2022-11-12,10.0,1.0,2.0,0.0,1.0,2.0,3.0,2.0,1.0,2.0
107.0,2022-11-16,0.0,0.0,0.0,1.0,0.0,0.0,0.0,0.0,1.0,2.0
108.0,2022-11-18,0.0,0.0,1.0,0.0,1.0,0.0,0.0,0.0,1.0,0.0
109.0,2022-11-19,19.0,0.0,0.0,0.0,1.0,5.0,5.0,4.0,1.0,3.0
110.0,2022-11-21,9.0,0.0,2.0,1.0,4.0,2.0,3.0,1.0,1.0,8.0
111.0,2022-11-23,3.0,0.0,1.0,0.0,0.0,1.0,1.0,0.0,1.0,3.0
112.0,2022-11-25,10.0,1.0,1.0,2.0,1.0,1.0,3.0,3.0,1.0,2.0
113.0,2022-11-27,2.0,0.0,2.0,1.0,1.0,0.0,1.0,0.0,1.0,3.0
114.0,2022-11-28,16.0,1.0,0.0,1.0,0.0,4.0,5.0,2.0,1.0,4.0
115.0,2022-11-30,8.0,1.0,1.0,1.0,1.0,2.0,3.0,0.0,1.0,4.0
116.0,2022-12-02,8.0,0.0,2.0,4.0,0.0,2.0,3.0,0.0,1.0,3.0
117.0,2022-12-04,10.0,0.0,1.0,3.0,1.0,0.0,3.0,4.0,1.0,3.0
118.0,2022-12-05,5.0,0.0,0.0,0.0,0.0,1.0,2.0,0.0,1.0,3.0
119.0,2022-12-07,9.0,0.0,0.0,1.0,2.0,1.0,3.0,2.0,1.0,3.0
120.0,2022-12-09,9.0,0.0,0.0,0.0,2.0,3.0,3.0,0.0,1.0,2.0
121.0,2022-12-10,12.0,0.0,1.0,0.0,1.0,2.0,4.0,2.0,1.0,3.0
122.0,2022-12-12,12.0,3.0,0.0,2.0,2.0,2.0,5.0,0.0,1.0,6.0
123.0,2022-12-14,6.0,1.0,1.0,0.0,0.0,2.0,2.0,0.0,1.0,3.0
124.0,2022-12-16,14.0,0.0,1.0,0.0,0.0,2.0,6.0,0.0,1.0,4.0
125.0,2022-12-18,23.0,0.0,0.0,1.0,1.0,4.0,9.0,1.0,1.0,10.0
126.0,2022-12-21,15.0,0.0,3.0,2.0,1.0,1.0,6.0,2.0,1.0,6.0
127.0,2022-12-26,10.0,0.0,2.0,0.0,1.0,0.0,5.0,0.0,1.0,5.0
128.0,2022-12-27,3.0,1.0,2.0,0.0,0.0,0.0,0.0,3.0,1.0,6.0
129.0,2022-12-29,22.0,1.0,1.0,0.0,1.0,2.0,7.0,6.0,1.0,2.0
130.0,2022-12-31,16.0,1.0,4.0,0.0,0.0,3.0,6.0,1.0,1.0,1.0
131.0,2023-01-02,10.0,0.0,1.0,0.0,1.0,0.0,3.0,4.0,1.0,5.0
132.0,2023-01-04,11.0,0.0,4.0,0.0,0.0,3.0,3.0,2.0,1.0,5.0
133.0,2023-01-06,10.0,0.0,0.0,2.0,0.0,0.0,3.0,4.0,1.0,7.0
134.0,2023-01-08,15.0,0.0,2.0,4.0,1.0,0.0,5.0,5.0,1.0,6.0
135.0,2023-01-14,6.0,0.0,1.0,1.0,2.0,0.0,2.0,2.0,1.0,7.0
136.0,2023-01-16,7.0,0.0,0.0,0.0,1.0,1.0,3.0,0.0,1.0,1.0
137.0,2023-01-18,9.0,0.0,0.0,0.0,2.0,1.0,3.0,2.0,1.0,2.0
138.0,2023-01-20,13.0,0.0,1.0,0.0,2.0,3.0,4.0,2.0,1.0,3.0
139.0,2023-01-21,6.0,0.0,0.0,2.0,0.0,2.0,2.0,0.0,1.0,2.0
140.0,2023-01-24,3.0,2.0,2.0,1.0,1.0,0.0,0.0,3.0,1.0,6.0
141.0,2023-01-25,0.0,0.0,0.0,1.0,2.0,0.0,0.0,0.0,1.0,0.0
142.0,2023-01-27,10.0,0.0,0.0,1.0,1.0,2.0,3.0,2.0,1.0,3.0
143.0,2023-01-29,16.0,0.0,0.0,1.0,0.0,1.0,4.0,7.0,1.0,5.0
144.0,2023-02-02,24.0,1.0,2.0,2.0,1.0,5.0,9.0,1.0,1.0,3.0
145.0,2023-02-03,17.0,1.0,3.0,1.0,1.0,4.0,6.0,1.0,1.0,6.0
146.0,2023-02-05,6.0,0.0,1.0,0.0,0.0,0.0,3.0,0.0,1.0,1.0
147.0,2023-02-08,7.0,0.0,1.0,1.0,1.0,1.0,3.0,0.0,1.0,3.0
148.0,2023-02-10,5.0,0.0,1.0,0.0,0.0,1.0,1.0,2.0,1.0,4.0
149.0,2023-02-11,3.0,1.0,3.0,0.0,0.0,0.0,0.0,3.0,1.0,2.0
150.0,2023-02-13,19.0,0.0,0.0,1.0,2.0,4.0,7.0,1.0,1.0,6.0
151.0,2023-02-15,21.0,1.0,3.0,1.0,1.0,4.0,7.0,3.0,1.0,7.0
152.0,2023-02-23,9.0,0.0,2.0,2.0,2.0,0.0,3.0,3.0,1.0,3.0
153.0,2023-02-25,4.0,0.0,0.0,0.0,0.0,0.0,2.0,0.0,1.0,5.0
154.0,2023-02-28,14.0,1.0,1.0,0.0,2.0,2.0,5.0,2.0,1.0,1.0
155.0,2023-03-02,0.0,0.0,0.0,0.0,0.0,0.0,0.0,0.0,1.0,3.0
156.0,2023-03-09,10.0,1.0,2.0,1.0,2.0,2.0,4.0,0.0,1.0,7.0
157.0,2023-03-11,6.0,0.0,2.0,0.0,0.0,0.0,1.0,4.0,1.0,3.0
158.0,2023-03-13,15.0,1.0,4.0,2.0,4.0,2.0,5.0,3.0,1.0,6.0
159.0,2023-03-16,22.0,1.0,0.0,0.0,0.0,6.0,8.0,0.0,1.0,5.0
160.0,2023-03-18,25.0,0.0,2.0,1.0,2.0,4.0,9.0,3.0,1.0,6.0
161.0,2023-03-20,4.0,1.0,2.0,1.0,3.0,0.0,2.0,0.0,1.0,2.0
162.0,2023-03-22,9.0,0.0,2.0,1.0,2.0,1.0,3.0,2.0,1.0,6.0
163.0,2023-03-24,3.0,0.0,2.0,0.0,3.0,0.0,1.0,1.0,1.0,2.0
164.0,2023-03-25,11.0,1.0,2.0,0.0,2.0,1.0,5.0,0.0,1.0,3.0
165.0,2023-03-27,4.0,1.0,3.0,0.0,1.0,1.0,1.0,1.0,1.0,1.0
166.0,2023-03-29,22.0,1.0,3.0,3.0,1.0,5.0,7.0,3.0,1.0,2.0
167.0,2023-03-31,9.0,0.0,2.0,1.0,1.0,2.0,3.0,1.0,1.0,6.0
168.0,2023-04-02,14.0,0.0,2.0,0.0,0.0,3.0,4.0,3.0,1.0,6.0
169.0,2023-04-05,12.0,0.0,0.0,1.0,1.0,2.0,2.0,6.0,1.0,4.0
170.0,2023-04-07,10.0,0.0,1.0,0.0,0.0,2.0,4.0,0.0,1.0,2.0
171.0,2023-04-09,14.0,3.0,1.0,1.0,0.0,1.0,5.0,3.0,1.0,5.0
172.0,2023-10-25,7.0,1.0,1.0,0.0,1.0,1.0,2.0,2.0,1.0,5.0
173.0,2023-10-28,26.0,0.0,0.0,0.0,0.0,5.0,10.0,1.0,1.0,9.0
174.0,2023-10-30,5.0,2.0,3.0,0.0,0.0,1.0,1.0,2.0,1.0,4.0
175.0,2023-11-01,9.0,0.0,1.0,0.0,0.0,1.0,4.0,0.0,1.0,1.0
176.0,2023-11-03,13.0,1.0,0.0,2.0,2.0,2.0,5.0,1.0,1.0,5.0
177.0,2023-11-04,4.0,2.0,1.0,1.0,0.0,1.0,1.0,1.0,1.0,2.0
178.0,2023-11-06,15.0,0.0,2.0,2.0,0.0,3.0,5.0,2.0,1.0,2.0
179.0,2023-11-08,24.0,0.0,0.0,2.0,1.0,4.0,9.0,2.0,1.0,2.0
180.0,2023-11-09,6.0,0.0,0.0,0.0,1.0,2.0,2.0,0.0,1.0,1.0
181.0,2023-11-12,8.0,0.0,3.0,1.0,0.0,2.0,3.0,0.0,1.0,4.0
182.0,2023-11-14,6.0,1.0,2.0,1.0,1.0,1.0,2.0,1.0,1.0,4.0
183.0,2023-11-19,0.0,0.0,0.0,0.0,0.0,0.0,0.0,0.0,1.0,1.0
184.0,2023-11-21,17.0,1.0,1.0,1.0,0.0,1.0,6.0,4.0,1.0,1.0
185.0,2023-11-27,7.0,0.0,0.0,3.0,2.0,1.0,3.0,0.0,1.0,3.0
186.0,2023-11-30,9.0,0.0,1.0,4.0,1.0,0.0,4.0,1.0,1.0,5.0
187.0,2023-12-02,22.0,1.0,1.0,0.0,0.0,4.0,7.0,4.0,1.0,4.0
188.0,2023-12-04,14.0,1.0,1.0,0.0,1.0,1.0,6.0,1.0,1.0,1.0
189.0,2023-12-07,6.0,1.0,1.0,0.0,0.0,1.0,2.0,1.0,1.0,1.0
190.0,2023-12-11,13.0,0.0,1.0,0.0,2.0,3.0,5.0,0.0,1.0,1.0
191.0,2023-12-13,12.0,0.0,1.0,0.0,2.0,2.0,5.0,0.0,1.0,1.0
192.0,2023-12-15,12.0,1.0,1.0,2.0,0.0,3.0,4.0,1.0,1.0,3.0
193.0,2023-12-16,17.0,1.0,0.0,0.0,0.0,2.0,7.0,1.0,1.0,5.0
194.0,2023-12-18,12.0,3.0,2.0,2.0,1.0,2.0,4.0,2.0,1.0,6.0
195.0,2023-12-20,19.0,0.0,1.0,1.0,1.0,4.0,6.0,3.0,1.0,2.0
196.0,2023-12-21,14.0,3.0,0.0,4.0,2.0,4.0,5.0,0.0,1.0,5.0
197.0,2023-12-23,3.0,0.0,2.0,2.0,4.0,1.0,1.0,0.0,1.0,3.0
198.0,2023-12-26,10.0,0.0,2.0,0.0,3.0,2.0,3.0,2.0,1.0,5.0
199.0,2023-12-28,12.0,2.0,1.0,1.0,1.0,4.0,4.0,0.0,1.0,5.0
200.0,2023-12-30,25.0,0.0,2.0,1.0,2.0,7.0,8.0,2.0,1.0,1.0
201.0,2024-01-01,4.0,2.0,0.0,3.0,0.0,1.0,1.0,1.0,1.0,5.0
202.0,2024-01-03,9.0,0.0,2.0,3.0,0.0,1.0,4.0,0.0,1.0,4.0
203.0,2024-01-05,15.0,1.0,3.0,1.0,2.0,1.0,7.0,0.0,1.0,2.0
204.0,2024-01-06,8.0,1.0,0.0,3.0,0.0,0.0,3.0,2.0,1.0,4.0
205.0,2024-01-08,17.0,1.0,2.0,0.0,0.0,3.0,6.0,2.0,1.0,4.0
206.0,2024-01-10,10.0,0.0,1.0,0.0,0.0,2.0,3.0,2.0,1.0,3.0
207.0,2024-01-12,13.0,0.0,0.0,1.0,1.0,3.0,5.0,0.0,1.0,4.0
208.0,2024-01-19,12.0,0.0,2.0,0.0,2.0,3.0,4.0,1.0,1.0,4.0
209.0,2024-01-21,6.0,0.0,1.0,1.0,0.0,1.0,2.0,1.0,1.0,3.0
210.0,2024-01-23,13.0,0.0,0.0,0.0,1.0,1.0,5.0,2.0,1.0,9.0
211.0,2024-01-25,16.0,0.0,3.0,0.0,1.0,3.0,6.0,1.0,1.0,8.0
212.0,2024-01-26,22.0,1.0,3.0,1.0,1.0,3.0,8.0,3.0,1.0,6.0
213.0,2024-01-28,16.0,1.0,6.0,2.0,1.0,2.0,6.0,2.0,1.0,7.0
214.0,2024-01-30,26.0,1.0,7.0,0.0,0.0,4.0,11.0,0.0,1.0,12.0
215.0,2024-02-01,17.0,0.0,1.0,1.0,2.0,3.0,6.0,2.0,1.0,6.0
216.0,2024-02-02,6.0,1.0,2.0,1.0,1.0,0.0,3.0,0.0,1.0,4.0
217.0,2024-02-04,22.0,0.0,4.0,1.0,2.0,3.0,8.0,3.0,1.0,8.0
218.0,2024-02-06,10.0,1.0,1.0,1.0,3.0,2.0,3.0,2.0,1.0,1.0
219.0,2024-02-08,13.0,1.0,1.0,5.0,2.0,1.0,4.0,4.0,1.0,4.0
220.0,2024-02-10,13.0,0.0,0.0,0.0,1.0,3.0,5.0,0.0,1.0,3.0
221.0,2024-02-12,21.0,0.0,1.0,0.0,2.0,1.0,8.0,4.0,1.0,3.0
222.0,2024-02-14,8.0,2.0,1.0,0.0,0.0,2.0,3.0,0.0,1.0,2.0
223.0,2024-03-01,9.0,0.0,3.0,0.0,0.0,2.0,3.0,1.0,1.0,3.0
224.0,2024-03-03,4.0,0.0,2.0,1.0,2.0,0.0,1.0,2.0,1.0,1.0
225.0,2024-03-05,6.0,0.0,2.0,0.0,0.0,1.0,1.0,3.0,1.0,1.0
226.0,2024-03-07,8.0,2.0,1.0,0.0,0.0,1.0,2.0,3.0,1.0,4.0
227.0,2024-03-10,16.0,2.0,1.0,1.0,1.0,4.0,4.0,4.0,1.0,5.0
228.0,2024-03-12,15.0,2.0,1.0,1.0,0.0,1.0,6.0,2.0,1.0,4.0
229.0,2024-03-13,13.0,0.0,1.0,0.0,0.0,3.0,4.0,2.0,1.0,4.0
230.0,2024-03-16,16.0,2.0,3.0,2.0,0.0,1.0,5.0,5.0,1.0,4.0
231.0,2024-03-18,9.0,0.0,2.0,0.0,3.0,1.0,4.0,0.0,1.0,4.0
232.0,2024-03-20,14.0,1.0,0.0,0.0,0.0,2.0,5.0,2.0,1.0,1.0
233.0,2024-03-22,8.0,1.0,2.0,1.0,0.0,2.0,3.0,0.0,1.0,3.0
234.0,2024-03-24,13.0,2.0,4.0,0.0,1.0,3.0,4.0,2.0,1.0,3.0
235.0,2024-03-27,6.0,0.0,3.0,0.0,1.0,2.0,2.0,0.0,1.0,5.0
236.0,2024-03-29,12.0,1.0,2.0,1.0,1.0,2.0,5.0,0.0,1.0,4.0
237.0,2024-04-01,11.0,0.0,0.0,0.0,0.0,1.0,5.0,0.0,1.0,4.0
238.0,2024-04-03,9.0,0.0,2.0,0.0,0.0,0.0,4.0,1.0,1.0,5.0
239.0,2024-04-05,17.0,0.0,1.0,1.0,2.0,4.0,6.0,1.0,1.0,4.0
240.0,2024-04-07,16.0,2.0,3.0,0.0,1.0,1.0,5.0,5.0,1.0,5.0
241.0,2024-04-09,8.0,0.0,2.0,2.0,2.0,0.0,3.0,2.0,1.0,4.0
242.0,2024-04-12,15.0,0.0,0.0,0.0,0.0,0.0,5.0,5.0,1.0,6.0
243.0,2024-04-14,8.0,0.0,1.0,1.0,0.0,1.0,3.0,1.0,1.0,3.0
21.0,2024-04-21,7.0,1.0,3.0,0.0,1.0,1.0,2.0,2.0,1.3,4.0
22.0,2024-04-23,11.0,1.0,7.0,0.0,1.0,3.0,4.0,0.0,1.3,5.0
23.0,2024-04-26,13.0,1.0,3.0,3.0,2.0,1.0,3.0,6.0,1.3,8.0
24.0,2024-04-28,13.0,2.0,1.0,0.0,1.0,3.0,3.0,4.0,1.3,3.0
25.0,2024-04-30,7.0,3.0,1.0,1.0,1.0,1.0,3.0,0.0,1.3,2.0
26.0,2024-05-02,15.0,0.0,1.0,0.0,1.0,3.0,5.0,2.0,1.3,3.0
27.0,2024-05-06,12.0,0.0,3.0,0.0,1.0,0.0,3.0,6.0,1.3,6.0
28.0,2024-05-08,6.0,0.0,2.0,1.0,2.0,2.0,2.0,0.0,1.3,1.0
29.0,2024-05-10,10.0,0.0,1.0,1.0,0.0,2.0,3.0,2.0,1.3,6.0
30.0,2024-05-12,8.0,1.0,1.0,0.0,1.0,0.0,4.0,0.0,1.3,12.0
31.0,2024-05-14,8.0,0.0,2.0,0.0,2.0,1.0,2.0,3.0,1.3,4.0
32.0,2024-05-17,8.0,0.0,4.0,0.0,1.0,0.0,4.0,0.0,1.3,6.0
33.0,2024-05-19,19.0,0.0,1.0,1.0,1.0,2.0,8.0,1.0,1.3,4.0
34.0,2024-05-21,14.0,0.0,1.0,2.0,5.0,1.0,6.0,1.0,1.3,6.0
35.0,2024-05-23,9.0,0.0,1.0,0.0,2.0,1.0,3.0,2.0,1.3,3.0
36.0,2024-05-25,4.0,0.0,4.0,1.0,1.0,0.0,2.0,0.0,1.3,5.0
37.0,2024-05-27,14.0,0.0,1.0,1.0,0.0,1.0,4.0,5.0,1.3,6.0
244.0,2024-10-23,7.0,1.0,0.0,2.0,0.0,1.0,2.0,2.0,1.0,2.0
245.0,2024-10-25,4.0,0.0,0.0,0.0,1.0,0.0,2.0,0.0,1.0,2.0
246.0,2024-10-27,10.0,0.0,1.0,1.0,2.0,1.0,2.0,5.0,1.0,7.0
247.0,2024-10-28,10.0,0.0,1.0,1.0,0.0,0.0,3.0,4.0,1.0,4.0
248.0,2024-10-30,12.0,1.0,3.0,0.0,1.0,2.0,5.0,0.0,1.0,8.0
249.0,2024-11-01,12.0,0.0,1.0,0.0,1.0,2.0,5.0,0.0,1.0,1.0
250.0,2025-01-16,9.0,0.0,0.0,0.0,0.0,2.0,3.0,1.0,1.0,1.0
251.0,2025-01-18,12.0,0.0,0.0,0.0,0.0,2.0,4.0,2.0,1.0,2.0
252.0,2025-01-23,3.0,0.0,1.0,0.0,2.0,0.0,1.0,1.0,1.0,3.0
253.0,2025-01-25,9.0,0.0,2.0,0.0,2.0,1.0,4.0,0.0,1.0,5.0
254.0,2025-01-29,0.0,1.0,2.0,0.0,0.0,0.0,0.0,0.0,1.0,3.0
255.0,2025-02-01,13.0,0.0,1.0,0.0,0.0,2.0,4.0,3.0,1.0,2.0
256.0,2025-02-03,13.0,1.0,2.0,3.0,1.0,1.0,4.0,4.0,1.0,7.0
257.0,2025-02-04,5.0,0.0,2.0,2.0,1.0,1.0,2.0,0.0,1.0,0.0
258.0,2025-02-06,4.0,0.0,3.0,0.0,0.0,0.0,0.0,4.0,1.0,3.0
259.0,2025-02-08,6.0,0.0,2.0,1.0,1.0,0.0,3.0,0.0,1.0,5.0
260.0,2025-02-11,0.0,0.0,3.0,1.0,0.0,0.0,0.0,0.0,1.0,0.0
261.0,2025-02-12,8.0,1.0,1.0,1.0,1.0,2.0,3.0,0.0,1.0,1.0
262.0,2025-02-20,13.0,1.0,1.0,0.0,0.0,3.0,4.0,2.0,1.0,7.0
263.0,2025-02-23,19.0,0.0,1.0,0.0,0.0,2.0,7.0,3.0,1.0,6.0
264.0,2025-02-24,17.0,2.0,0.0,1.0,2.0,2.0,5.0,5.0,1.0,4.0
265.0,2025-02-26,12.0,0.0,3.0,0.0,4.0,2.0,5.0,0.0,1.0,5.0
266.0,2025-02-28,7.0,1.0,2.0,0.0,0.0,1.0,3.0,0.0,1.0,6.0
267.0,2025-03-02,27.0,0.0,1.0,0.0,1.0,6.0,9.0,3.0,1.0,5.0
268.0,2025-03-04,16.0,0.0,0.0,1.0,0.0,1.0,7.0,1.0,1.0,5.0
269.0,2025-03-06,21.0,2.0,2.0,1.0,1.0,4.0,8.0,1.0,1.0,3.0
270.0,2025-03-08,14.0,0.0,2.0,2.0,2.0,2.0,6.0,0.0,1.0,1.0
271.0,2025-03-10,9.0,1.0,2.0,1.0,0.0,3.0,3.0,0.0,1.0,5.0
272.0,2025-03-11,9.0,0.0,1.0,1.0,1.0,1.0,4.0,0.0,1.0,4.0
273.0,2025-03-14,16.0,0.0,2.0,1.0,0.0,3.0,6.0,1.0,1.0,3.0
274.0,2025-03-15,30.0,0.0,2.0,1.0,0.0,6.0,11.0,2.0,1.0,4.0
275.0,2025-03-19,18.0,0.0,2.0,1.0,2.0,3.0,6.0,3.0,1.0,5.0
276.0,2025-03-20,14.0,0.0,0.0,2.0,2.0,2.0,4.0,4.0,1.0,6.0
277.0,2025-03-22,6.0,1.0,1.0,0.0,2.0,2.0,2.0,0.0,1.0,3.0
278.0,2025-03-24,17.0,0.0,1.0,0.0,0.0,3.0,7.0,0.0,1.0,7.0
279.0,2025-03-26,13.0,0.0,2.0,3.0,1.0,3.0,5.0,0.0,1.0,1.0
280.0,2025-03-27,11.0,0.0,0.0,0.0,2.0,3.0,4.0,0.0,1.0,4.0
281.0,2025-03-29,7.0,1.0,0.0,1.0,0.0,1.0,3.0,0.0,1.0,4.0
282.0,2025-03-31,24.0,2.0,0.0,1.0,1.0,1.0,7.0,9.0,1.0,6.0
283.0,2025-04-02,16.0,0.0,1.0,1.0,0.0,3.0,6.0,1.0,1.0,3.0
284.0,2025-04-04,12.0,0.0,0.0,0.0,1.0,2.0,5.0,0.0,1.0,3.0
285.0,2025-04-06,17.0,1.0,0.0,3.0,0.0,3.0,5.0,4.0,1.0,6.0
286.0,2025-04-08,7.0,0.0,1.0,1.0,1.0,1.0,2.0,2.0,1.0,6.0
287.0,2025-04-10,22.0,0.0,1.0,0.0,0.0,3.0,7.0,5.0,1.0,6.0
288.0,2025-04-13,10.0,0.0,1.0,1.0,1.0,1.0,4.0,1.0,1.0,4.0
38.0,2025-04-19,7.0,0.0,0.0,1.0,0.0,1.0,3.0,0.0,1.3,6.0
39.0,2025-04-22,16.0,0.0,2.0,1.0,1.0,4.0,5.0,2.0,1.3,2.0
40.0,2025-04-25,18.0,1.0,3.0,2.0,2.0,4.0,7.0,0.0,1.3,7.0
41.0,2025-04-27,14.0,1.0,0.0,0.0,0.0,2.0,5.0,2.0,1.3,5.0
42.0,2025-04-29,19.0,0.0,3.0,0.0,0.0,3.0,8.0,0.0,1.3,12.0
43.0,2025-05-04,17.0,1.0,0.0,0.0,3.0,4.0,5.0,3.0,1.3,8.0
44.0,2025-05-06,23.0,3.0,1.0,1.0,0.0,5.0,8.0,2.0,1.3,4.0
45.0,2025-05-09,7.0,2.0,1.0,0.0,0.0,1.0,3.0,0.0,1.3,7.0
46.0,2025-05-11,12.0,0.0,4.0,0.0,1.0,2.0,4.0,2.0,1.3,1.0
47.0,2025-05-13,13.0,0.0,2.0,2.0,0.0,1.0,5.0,2.0,1.3,13.0
48.0,2025-05-21,30.0,2.0,0.0,1.0,0.0,8.0,9.0,4.0,1.3,2.0
49.0,2025-05-23,12.0,1.0,1.0,1.0,2.0,2.0,4.0,2.0,1.3,7.0
50.0,2025-05-25,8.0,1.0,0.0,2.0,0.0,1.0,2.0,3.0,1.3,7.0
